model,pk,fields.name,fields.user,fields.age,fields.date_of_birth,fields.email,fields.aadhar_no,fields.ration_no,fields.gender,fields.caste,fields.education,fields.annual_income,fields.address,fields.scheme
base.applicant,801,Mary Sullivan,,13,29-08-2009,vrussell@example.org,6.62156E+11,1481169807,Female,ST,School,218282,"7083 Lewis Springs Apt. 941
South Mindymouth, IL 67720",scheme_D
base.applicant,802,Erin Reyes,,14,06-09-2010,maryburke@example.net,4.88654E+11,1285091879,Male,MBC,School,241779,"76556 Kathleen Key
South Natalie, DC 57490",scheme_D
base.applicant,803,Caroline Scott,,14,01-10-2010,gregory35@example.net,8.85259E+11,8078593906,Male,SC,Others,343163,"47881 Paul Throughway Apt. 160
Carlbury, GU 53161",scheme_D
base.applicant,804,Mary Aguilar,,13,22-09-2010,michael61@example.net,6.03688E+11,4999860341,Female,SC,Others,149311,"8538 Ashley Corners
Lake Linda, CA 52771",scheme_D
base.applicant,805,Jessica Garcia,,13,17-05-2009,lewissandy@example.org,3.05039E+11,5744287112,Female,SC,School,140195,"8657 Ian Cape
East Clinton, MD 74286",scheme_D
base.applicant,806,Kyle Rice,,14,20-07-2010,ustafford@example.org,5.62803E+11,1023979237,Male,SC,School,133863,"207 Jason Dam
Danahaven, FM 35198",scheme_D
base.applicant,807,Alexis Walter DVM,,14,30-06-2010,kleinsteve@example.net,9.26634E+11,7795812141,Female,MBC,Others,252402,"9362 Moran Tunnel Apt. 929
East Larry, CA 27954",scheme_D
base.applicant,808,Kirsten Osborne,,13,16-02-2009,padams@example.net,6.61274E+11,9447626444,Female,ST,School,226918,"19911 Thomas Squares
New Ronaldborough, CT 14466",scheme_D
base.applicant,809,Mark Lewis,,13,26-07-2010,simpsonrussell@example.net,2.55671E+11,8137197533,Male,OBC,Others,137404,"0576 Hurley Cape
New Nicoleberg, WV 19963",scheme_D
base.applicant,810,Lauren Colon,,14,02-09-2010,stephenmoore@example.org,7.91475E+11,4783932496,Female,ST,School,90280,"839 Lopez Branch Suite 820
Lake Belinda, MA 08337",scheme_D
base.applicant,811,Jacob Braun,,14,20-02-2009,elarsen@example.org,9.86182E+11,6824465977,Female,ST,Others,129147,"307 Moore Gateway Suite 100
Lake James, MI 34786",scheme_D
base.applicant,812,Taylor Pace,,14,08-03-2010,kmoss@example.com,9.90504E+11,7089618155,Male,OBC,School,103778,"8447 Dixon Trail
Biancatown, MA 17627",scheme_D
base.applicant,813,Angela Smith,,14,09-02-2010,aprilpacheco@example.com,3.40096E+11,9183153912,Male,ST,Others,192676,"USNV Velez
FPO AE 02027",scheme_D
base.applicant,814,Stacy Velazquez,,14,02-06-2010,ramireznorman@example.org,1.06428E+11,9236502985,Male,MBC,Others,241591,"374 David Centers Apt. 330
Roblesstad, NM 55811",scheme_D
base.applicant,815,Wendy Watson,,14,12-03-2009,garciajoseph@example.org,2.98393E+11,3440829652,Female,SC,School,203495,"673 Myers Islands Suite 752
Ryanville, GU 93348",scheme_D
base.applicant,816,Bryan Sullivan,,13,10-02-2010,jaylopez@example.com,9.35679E+11,9832716618,Male,OBC,Others,81465,"029 Jacob Turnpike
South Robert, VI 37266",scheme_D
base.applicant,817,Amanda Wood,,14,19-05-2010,myersraymond@example.com,6.97136E+11,5001821736,Male,SC,School,288972,"590 Edward Trace Apt. 079
Carolfurt, NV 06310",scheme_D
base.applicant,818,Mary Campbell,,14,08-06-2010,lauren22@example.net,4.51053E+11,9603130609,Male,MBC,School,281931,"9284 Hughes Haven Suite 589
Jessicaside, KS 01116",scheme_D
base.applicant,819,Timothy Diaz,,13,04-11-2010,traviswade@example.net,6.0191E+11,4890784507,Female,ST,School,304928,"5506 Steven Stream Suite 969
East Taylor, AR 15369",scheme_D
base.applicant,820,Lisa Bridges,,13,08-06-2009,jtaylor@example.com,2.31391E+11,5827924693,Male,OBC,School,190177,"018 Bowen Isle
Levineville, ND 42094",scheme_D
base.applicant,821,Stephanie Irwin,,13,05-09-2009,elizabethlindsey@example.org,6.99495E+11,1189807635,Female,ST,School,156650,"782 Jimenez Crest Suite 507
Lake Brandonland, HI 45763",scheme_D
base.applicant,822,Billy Harrington,,14,04-02-2009,heatherhenderson@example.com,9.03801E+11,6042000959,Male,ST,Others,321370,"PSC 9052, Box 7172
APO AE 71619",scheme_D
base.applicant,823,Robert Miller,,13,19-04-2009,josekim@example.org,9.22546E+11,8925488298,Male,MBC,School,213654,"972 John Roads Suite 055
South Kimberlyport, FL 83466",scheme_D
base.applicant,824,Zachary Yoder,,13,03-07-2009,jameshill@example.com,6.80619E+11,8384993984,Female,ST,Others,65682,"9624 Hoffman Shoal
New Janice, SC 12935",scheme_D
base.applicant,825,Robert Jones,,14,16-02-2009,james97@example.org,7.52923E+11,5634012355,Female,OBC,School,215793,"18108 Parker Falls
Lake Briannashire, SD 69433",scheme_D
base.applicant,826,Joseph Norman,,14,18-06-2009,yatesgloria@example.com,6.77852E+11,1155926910,Female,OBC,Others,52229,"554 Martin Harbor
North Laura, MI 60088",scheme_D
base.applicant,827,Julie Alvarez,,14,14-08-2009,christopher96@example.net,5.29199E+11,3401437608,Male,ST,Others,229006,"15480 Perry Dale Apt. 220
Gabrielshire, GU 28402",scheme_D
base.applicant,828,Janet Morgan,,14,07-10-2009,fstephens@example.net,9.49739E+11,2791354484,Male,SC,School,342238,"682 Rogers Shore Apt. 849
South Juliaborough, IA 06405",scheme_D
base.applicant,829,Tony Prince,,14,13-02-2009,bpatterson@example.org,3.60915E+11,7503391675,Male,MBC,Others,224152,"763 Williams Park
Beltranmouth, VI 57388",scheme_D
base.applicant,830,Tina Burnett,,14,20-10-2010,xschmidt@example.net,7.67314E+11,3708634474,Female,MBC,Others,135213,"97827 Carlson Mill Suite 996
Lake Chadton, IN 02989",scheme_D
base.applicant,831,Mike Howell,,13,06-05-2010,xbrooks@example.com,9.10697E+11,8230067678,Female,MBC,School,324110,"617 Kevin Ramp Suite 341
New Jasonside, AR 39308",scheme_D
base.applicant,832,Justin Taylor,,13,08-08-2009,iphillips@example.org,5.48619E+11,7650963780,Male,ST,School,323347,"Unit 5032 Box 1019
DPO AE 27217",scheme_D
base.applicant,833,George Berry,,14,27-09-2010,walladam@example.com,1.76673E+11,8601447183,Female,MBC,School,235323,"80388 Donna Bridge
Matthewtown, AZ 37294",scheme_D
base.applicant,834,Stephanie Neal,,14,04-11-2009,hgonzalez@example.com,2.75845E+11,7268035609,Male,ST,Others,331485,"251 Wallace Cove Suite 441
East Manuelland, NM 95767",scheme_D
base.applicant,835,Haley Melton,,14,21-11-2009,hinesbruce@example.org,7.20171E+11,6859351366,Female,SC,School,197078,"PSC 4544, Box 7760
APO AA 97258",scheme_D
base.applicant,836,Chelsea Hansen,,14,19-01-2009,nina47@example.org,3.06507E+11,2172989631,Male,OBC,School,243306,"39672 Jones Haven Suite 339
South Karen, MP 37961",scheme_D
base.applicant,837,Jennifer West,,13,05-12-2010,psmith@example.net,1.05675E+11,5418249032,Female,MBC,Others,187871,"8542 Nichols Loop
Christopherport, WV 97460",scheme_D
base.applicant,838,Joseph Lopez,,14,20-05-2009,norriscraig@example.net,4.60124E+11,3165899832,Female,SC,Others,347082,"0191 Norris Meadows
Ryanshire, MN 41740",scheme_D
base.applicant,839,Charles Johnson,,14,15-11-2010,hmartin@example.org,9.75766E+11,2938470905,Female,ST,Others,317106,"34797 Thomas Mountains Suite 291
Scotttown, MO 13382",scheme_D
base.applicant,840,Nancy Rasmussen,,14,24-11-2010,rebeccareed@example.net,2.60853E+11,9461818011,Female,OBC,Others,239828,"323 Flynn Club
Hernandezmouth, OH 15877",scheme_D
base.applicant,841,David Dixon,,14,18-12-2010,smithsamantha@example.org,9.91153E+11,4517641638,Male,SC,Others,179856,"640 Doyle Isle Suite 081
Kevintown, NY 97800",scheme_D
base.applicant,842,William Strickland,,14,24-10-2009,bryantcaitlin@example.net,4.72949E+11,1024332945,Female,SC,School,327342,"6648 Tammy Streets Apt. 640
North Jessica, AK 97794",scheme_D
base.applicant,843,Amy Jones,,13,22-06-2010,diazsherry@example.com,8.85249E+11,8575972511,Male,MBC,Others,74108,"USNV Hammond
FPO AP 48607",scheme_D
base.applicant,844,Michael Ellis,,14,08-09-2010,phillipsdana@example.org,6.76531E+11,1019736338,Female,OBC,School,201005,"1093 Natalie Square Apt. 098
South Charles, WA 93356",scheme_D
base.applicant,845,Kenneth Wood,,13,02-03-2010,grayregina@example.org,2.03353E+11,1525365669,Female,OBC,School,279142,"028 Lawson Divide Suite 747
Tylermouth, TN 76100",scheme_D
base.applicant,846,Logan Hart,,14,04-08-2010,sara64@example.com,6.13571E+11,9923192491,Male,OBC,Others,180129,"91099 Hurley Lodge Apt. 602
Markfort, PR 78483",scheme_D
base.applicant,847,Joshua Jones,,14,28-06-2010,fbean@example.com,3.58968E+11,1582645702,Male,SC,School,301485,"054 Natalie Light Suite 845
Lake Michaelhaven, SC 25760",scheme_D
base.applicant,848,Scott Simmons,,14,25-05-2009,davidmendez@example.org,9.64119E+11,3255451632,Female,OBC,Others,177500,"7944 Mark Walk Apt. 684
Jackbury, WV 01935",scheme_D
base.applicant,849,Dr. Christopher Haley,,14,21-10-2010,nkrueger@example.com,4.28133E+11,1708654479,Female,SC,Others,125177,"81553 Brewer Light
East Nancyborough, CT 83759",scheme_D
base.applicant,850,John Olsen,,13,23-06-2010,wrightpaul@example.org,2.13401E+11,9817010143,Female,SC,Others,192159,"PSC 3213, Box 2546
APO AA 43285",scheme_D
base.applicant,851,Daisy Snyder,,13,10-05-2009,banderson@example.com,8.11754E+11,3675939978,Male,ST,Others,301033,"51821 Caldwell Junction
Lake Sandra, GU 86201",scheme_D
base.applicant,852,Laura Long,,13,27-06-2010,driggs@example.com,8.14774E+11,8046972583,Male,MBC,Others,72434,"764 Duncan Highway
Port Heathershire, VA 44556",scheme_D
base.applicant,853,Brittany Armstrong,,14,11-12-2010,raysarah@example.org,6.26503E+11,9751820318,Female,OBC,School,72580,"159 Joan Coves
South James, SC 61471",scheme_D
base.applicant,854,Donna Costa,,14,10-04-2010,toni59@example.com,3.24477E+11,8844866000,Male,OBC,Others,285822,"5075 Taylor Squares Suite 876
North Samantha, SC 37211",scheme_D
base.applicant,855,Sarah White,,14,10-05-2009,perry66@example.org,2.02673E+11,2570257064,Male,ST,Others,257273,"88445 Heidi Forest
North Xavier, NH 79327",scheme_D
base.applicant,856,Wendy Thompson,,14,05-08-2009,njenkins@example.net,7.73979E+11,4100450444,Female,MBC,Others,156541,"7658 Cruz Trail Suite 224
South Julietown, TN 31227",scheme_D
base.applicant,857,Lance Hill,,13,04-04-2010,btorres@example.org,7.07057E+11,3769369309,Female,MBC,Others,155274,"USNS Patterson
FPO AA 11940",scheme_D
base.applicant,858,Holly Perry,,14,14-04-2010,robert31@example.com,9.43155E+11,3772009900,Male,SC,School,278752,"683 Simon Harbors
East Joshua, NE 41939",scheme_D
base.applicant,859,Jill Obrien,,13,17-11-2010,jacksonadam@example.com,4.07317E+11,3067452650,Male,OBC,Others,205032,"40552 Allen Ramp Apt. 811
Powellberg, KS 39991",scheme_D
base.applicant,860,Steven Jones,,14,21-05-2009,staffordchris@example.net,4.62941E+11,3567506748,Female,SC,Others,211401,"20526 Anthony Turnpike Apt. 748
East Rebeccaville, HI 28357",scheme_D
base.applicant,861,Mark Mclean,,14,01-12-2009,ishaw@example.org,4.10221E+11,5012999618,Male,OBC,School,328153,"693 Conner Pines Suite 423
South Cameronhaven, IA 82118",scheme_D
base.applicant,862,Megan Cochran,,13,21-12-2010,jeffrey80@example.org,1.85145E+11,4846889930,Male,MBC,School,294489,"5412 Harris Street Apt. 919
Tiffanystad, SD 98548",scheme_D
base.applicant,863,Mark Stephens,,14,12-06-2009,ashleyeverett@example.net,4.62194E+11,4396211388,Male,OBC,School,110792,"7497 Cooley View Suite 215
Lisaview, WA 41030",scheme_D
base.applicant,864,Samantha Thomas,,13,05-05-2010,lewisjordan@example.com,3.55456E+11,7085975281,Female,OBC,Others,349694,"92836 Gregory Shore
West Amberton, DC 46243",scheme_D
base.applicant,865,Darlene Sandoval,,13,15-11-2010,ethan38@example.com,7.70794E+11,2838444955,Male,OBC,Others,68047,"USNV Martin
FPO AA 14452",scheme_D
base.applicant,866,Susan Cooper,,13,10-12-2009,ronald45@example.com,4.47697E+11,2587036636,Female,OBC,School,321633,"77599 Sanchez Place
Aliciastad, TX 80912",scheme_D
base.applicant,867,Frederick Sanchez,,14,06-09-2009,ylee@example.net,7.63161E+11,4928066160,Male,SC,School,217782,"037 Gregory Vista
South Samantha, PR 10209",scheme_D
base.applicant,868,Karen Tran,,13,05-05-2009,gabrielle51@example.net,9.06173E+11,7335327325,Male,SC,School,209711,"6291 Cain Fall Suite 621
Port Jerry, DC 20078",scheme_D
base.applicant,869,Thomas Mcintosh,,14,30-03-2009,gcox@example.org,7.60532E+11,3799657389,Male,SC,School,258600,"316 Garcia Circles Suite 666
Davidberg, CO 11412",scheme_D
base.applicant,870,Jeffrey Rivera,,13,06-09-2009,dylanlewis@example.net,8.39972E+11,8319532948,Male,OBC,Others,96929,"48951 Chad Fords
Lake Bryan, MH 68645",scheme_D
base.applicant,871,Matthew Salazar,,14,08-09-2009,troymelton@example.net,3.17689E+11,9217012667,Male,OBC,School,141512,"676 Samuel Turnpike Apt. 748
South Todd, NJ 86111",scheme_D
base.applicant,872,Emily Matthews,,13,30-11-2010,david78@example.com,4.12684E+11,5789498883,Male,OBC,Others,112118,"1011 David Stream Apt. 242
New Chadtown, ID 76988",scheme_D
base.applicant,873,Sarah Mcdaniel,,13,14-02-2009,martintimothy@example.com,3.01984E+11,3980788855,Male,SC,School,71207,"PSC 9222, Box 1591
APO AA 94482",scheme_D
base.applicant,874,Victoria Lee,,13,21-02-2009,sandersdanielle@example.net,6.43918E+11,5720633077,Male,SC,Others,203572,"7219 Peter Alley Apt. 641
Wilsonmouth, MO 89106",scheme_D
base.applicant,875,Crystal Ryan,,14,12-10-2009,brettmcclain@example.org,7.30414E+11,3680480850,Male,OBC,School,103727,"6908 Johnson Views
North Latoyastad, IL 84338",scheme_D
base.applicant,876,Sarah Gonzalez,,13,11-12-2009,andrea08@example.com,3.48759E+11,9023392413,Male,MBC,School,208504,"17952 Jesse Mill Suite 446
Millerview, UT 67944",scheme_D
base.applicant,877,Matthew Hayes,,14,08-07-2009,gpatel@example.net,3.72168E+11,1005211239,Female,MBC,School,297769,"69780 Alexis Forge
South Jayfort, NC 53288",scheme_D
base.applicant,878,Joseph Ortiz,,14,28-08-2010,valerieroberts@example.net,8.85158E+11,2591430444,Female,MBC,Others,186957,"410 Dixon Ports Suite 898
Port Christina, AR 43080",scheme_D
base.applicant,879,Molly Anderson,,14,09-08-2009,parkerrobin@example.org,7.17971E+11,5502225932,Male,MBC,School,300186,"3792 Whitehead Hill
Port Nichole, CA 65309",scheme_D
base.applicant,880,Veronica Edwards DDS,,13,27-04-2010,jensenholly@example.org,3.99986E+11,8869581179,Male,SC,Others,110165,"2259 Ramos Divide
Port Amber, ME 01058",scheme_D
base.applicant,881,Jose Gomez,,14,18-10-2010,berrymelanie@example.org,7.92675E+11,9190275113,Female,MBC,Others,120691,"6032 Harris Crossing Suite 319
Katherinestad, CT 06797",scheme_D
base.applicant,882,Jessica Erickson,,13,14-07-2010,smithjulie@example.net,8.27434E+11,2660091365,Male,SC,School,256176,"157 Tina Alley
Scottchester, KS 63188",scheme_D
base.applicant,883,Charles Santiago,,13,15-10-2009,johnsoncarolyn@example.net,9.23944E+11,4604156323,Female,OBC,Others,319820,"60067 Lynch Ridges Suite 571
West Kevinchester, FL 64148",scheme_D
base.applicant,884,Monica Anderson,,13,14-10-2010,debra79@example.org,1.29109E+11,3375824251,Female,OBC,School,209455,"4315 Stafford Freeway
East Williammouth, WI 49518",scheme_D
base.applicant,885,Christine Ward,,13,08-01-2010,robertsilva@example.org,2.78069E+11,5091999593,Male,ST,School,71427,"8882 Megan Meadows
Tracyville, ME 58354",scheme_D
base.applicant,886,Kenneth Blanchard,,13,10-03-2009,sean30@example.org,6.22591E+11,9091100027,Female,OBC,School,193528,"Unit 5236 Box 7283
DPO AP 58863",scheme_D
base.applicant,887,Stephanie Park,,14,25-02-2009,fowlerchristopher@example.com,2.34722E+11,5553051761,Male,SC,School,204566,"Unit 4962 Box 1449
DPO AA 37181",scheme_D
base.applicant,888,Amy Nicholson,,14,15-09-2009,christopher76@example.org,5.22589E+11,7919458484,Female,OBC,Others,128397,"437 Salazar Station Suite 478
New Frank, PW 35416",scheme_D
base.applicant,889,Catherine Medina,,13,21-08-2010,msutton@example.net,7.72404E+11,9570904986,Male,OBC,Others,101027,"6443 Kelly River
North Melanietown, FM 52355",scheme_D
base.applicant,890,Heather Atkins,,13,21-12-2010,trojas@example.net,7.73302E+11,1601544054,Female,OBC,Others,168229,"404 Teresa Radial Suite 173
New Josephton, VI 67556",scheme_D
base.applicant,891,Kimberly Collins,,14,09-09-2010,kimberly00@example.net,3.09181E+11,4567325793,Male,ST,Others,239838,"52062 Kimberly Landing Apt. 696
Port Zacharyborough, AS 68587",scheme_D
base.applicant,892,Thomas Smith,,14,21-03-2009,barnettsusan@example.org,1.86531E+11,2318534328,Male,ST,School,302478,"010 Arroyo Unions Suite 701
Freemanmouth, MA 74146",scheme_D
base.applicant,893,Michelle Browning,,13,27-08-2009,wskinner@example.net,9.27829E+11,6403803666,Male,MBC,Others,121354,"204 Jason Vista Apt. 618
North Grace, CA 20667",scheme_D
base.applicant,894,Crystal Reyes,,14,21-04-2009,ojohnson@example.org,4.74067E+11,2845349518,Male,MBC,School,225482,"393 Kimberly Roads
Lake Nicholas, ID 38356",scheme_D
base.applicant,895,Sherri Williams,,14,16-03-2010,erica56@example.com,8.55393E+11,5713431978,Male,MBC,School,292347,"42019 Michaela Light Suite 249
West Joe, NC 33707",scheme_D
base.applicant,896,Timothy Bradford,,13,29-09-2009,lisa33@example.net,5.63611E+11,8277484677,Male,ST,Others,278945,"2993 George Throughway Apt. 172
Rickyborough, IN 76222",scheme_D
base.applicant,897,Matthew Marshall,,14,17-05-2009,vargaskristine@example.com,9.10473E+11,9817954039,Male,OBC,School,58398,"74785 Brett Islands Apt. 442
Pollardberg, OH 98309",scheme_D
base.applicant,898,John Hernandez,,13,08-01-2011,wilsonkari@example.com,3.2911E+11,1773004565,Female,OBC,School,211589,"26807 Eugene Points
Hannahhaven, OH 38421",scheme_D
base.applicant,899,Daniel Torres,,13,02-12-2010,snyderrebecca@example.org,3.43822E+11,2605078042,Female,OBC,School,154907,"967 Hoffman Roads
Amyfort, WV 45346",scheme_D
base.applicant,900,Stacey Donaldson,,13,18-06-2009,pamelasalazar@example.org,4.53928E+11,1381613254,Male,ST,School,69392,"87347 Kevin Loaf Suite 243
Kylehaven, PR 36942",scheme_D
base.applicant,901,Kevin Morrison,,14,24-12-2009,david63@example.net,5.80565E+11,5659563753,Male,OBC,School,349282,"04701 Peterson Forges Suite 811
Schwartzview, NE 11146",scheme_D
base.applicant,902,Courtney Mendoza,,13,14-09-2010,xmaddox@example.org,5.27868E+11,6416696445,Female,OBC,Others,267522,"6187 Nicholas Court
Johnsonbury, MT 66076",scheme_D
base.applicant,903,Nicole Berry,,14,28-05-2010,ethan07@example.com,5.81069E+11,4749280977,Male,OBC,Others,242603,"6895 Wright Village Apt. 527
Stuartmouth, LA 88527",scheme_D
base.applicant,904,Matthew Shelton,,14,18-10-2010,wukaitlyn@example.org,8.48354E+11,2560228056,Male,OBC,Others,189397,"074 Mathis Drive
East David, OH 15427",scheme_D
base.applicant,905,Mark Alvarez,,14,11-08-2010,usantos@example.org,6.56077E+11,2469522363,Male,ST,School,71129,"946 Jenny Highway Suite 480
Leslietown, OH 82993",scheme_D
base.applicant,906,Cheryl Nichols,,13,08-06-2009,william97@example.net,4.86125E+11,8599432361,Female,ST,Others,285517,"95658 Perez Extensions
Sotoview, PW 96373",scheme_D
base.applicant,907,Jillian Smith,,14,04-08-2009,alyons@example.net,7.61159E+11,8300827927,Male,SC,Others,210213,"53882 Bennett Freeway Apt. 475
New Timothy, DC 79451",scheme_D
base.applicant,908,Curtis Austin,,14,24-07-2009,gbradley@example.org,1.56702E+11,9805113842,Male,OBC,Others,309397,"37253 Preston Union Suite 983
Benjaminstad, DC 96796",scheme_D
base.applicant,909,Mr. Nicholas Hawkins,,13,20-07-2010,alexanderwhite@example.net,6.55781E+11,3162129393,Female,MBC,Others,248839,"130 Jennifer Square Suite 202
Lake Cameron, NJ 02375",scheme_D
base.applicant,910,Misty Salinas,,14,27-06-2009,brandon48@example.com,2.11576E+11,1112002204,Male,OBC,School,336570,"Unit 7620 Box 8492
DPO AA 67414",scheme_D
base.applicant,911,Michael Myers,,14,19-02-2010,heathjames@example.net,8.1887E+11,9964380783,Male,SC,Others,121010,"060 Deborah Path
Jameschester, WA 16324",scheme_D
base.applicant,912,Michelle Barrett,,14,27-04-2010,phillipspamela@example.net,5.95978E+11,1882965934,Male,SC,School,198637,"Unit 7368 Box 5898
DPO AP 51176",scheme_D
base.applicant,913,Marcus Everett,,13,17-05-2009,mendezjoshua@example.org,6.65077E+11,4623049529,Female,MBC,Others,119985,"29545 Daniels Curve
North Markberg, RI 82859",scheme_D
base.applicant,914,Amy Santiago,,13,14-09-2009,henryrios@example.org,2.89716E+11,9773971290,Female,MBC,Others,213340,"6238 Jennifer Corners Suite 988
New Johnathan, GA 30106",scheme_D
base.applicant,915,Tammy Maldonado,,13,13-11-2009,hannah09@example.org,1.91599E+11,3221224066,Male,OBC,Others,256200,"6188 Hunter Station Apt. 776
Smithton, GA 25947",scheme_D
base.applicant,916,Joanne Chavez,,14,12-07-2009,alison04@example.com,2.14353E+11,8352539656,Male,ST,Others,228517,"Unit 8492 Box 8751
DPO AP 48846",scheme_D
base.applicant,917,Tom Chang,,14,24-11-2009,pvillarreal@example.net,2.35948E+11,5964074971,Female,SC,School,157784,"87097 Schwartz Inlet Apt. 631
Benjaminbury, OH 93787",scheme_D
base.applicant,918,Jason Russo,,14,08-10-2010,xbowman@example.com,9.83488E+11,9524363994,Female,OBC,Others,103837,"49105 Autumn Mountain
Lake Kimberly, VI 26269",scheme_D
base.applicant,919,Michael Skinner,,14,13-08-2010,amytran@example.org,2.44036E+11,4824155588,Male,SC,School,215071,"6757 Rodriguez Well Apt. 215
Leemouth, NE 01737",scheme_D
base.applicant,920,Kristy Roth,,13,19-09-2010,castanedarichard@example.net,4.23172E+11,5628289425,Female,MBC,Others,252941,"PSC 9656, Box 2603
APO AE 24394",scheme_D
base.applicant,921,Alexander Curtis,,13,04-05-2010,uadams@example.com,7.85975E+11,8348620433,Male,ST,Others,208635,"779 Lisa Ridges
East Lindsayshire, MP 27687",scheme_D
base.applicant,922,Zachary Cole,,14,28-07-2010,frankglover@example.org,1.78151E+11,5566462888,Female,OBC,School,325727,"92957 Phillips Locks Apt. 368
South Laurenside, HI 72302",scheme_D
base.applicant,923,Katherine Jackson,,14,06-06-2010,millerjennifer@example.com,2.90729E+11,1639180345,Female,MBC,School,136970,"29246 Joshua Locks Suite 619
Flowerschester, MN 64090",scheme_D
base.applicant,924,Christopher Boyer,,14,07-01-2011,trujillomisty@example.net,8.23506E+11,9866655110,Female,ST,Others,128726,"302 Destiny Crossroad
Murphyview, FM 84813",scheme_D
base.applicant,925,Joshua Smith,,13,24-04-2009,lisaking@example.net,4.86633E+11,8700542510,Female,SC,Others,70936,"USNV Carter
FPO AE 88225",scheme_D
base.applicant,926,Lauren Davis,,13,05-04-2010,solissusan@example.com,8.26224E+11,6904263481,Male,MBC,Others,137441,"Unit 1444 Box 0641
DPO AA 82332",scheme_D
base.applicant,927,Cheryl Arnold,,14,12-11-2010,christy05@example.com,6.56956E+11,6886294544,Male,OBC,School,109325,"266 Soto Glen Apt. 806
South Nicholasberg, TN 07712",scheme_D
base.applicant,928,Michael Shannon,,13,15-11-2010,xcarney@example.net,2.75627E+11,8865402277,Male,ST,Others,208427,"42443 Morales Fort
Cohenport, NV 05142",scheme_D
base.applicant,929,Brian Rogers,,14,13-01-2009,deniseblack@example.com,3.94171E+11,3424504127,Female,OBC,School,104326,"93711 Joseph Loaf
Rodriguezmouth, VT 13039",scheme_D
base.applicant,930,Heather Kelley,,14,30-06-2010,ethomas@example.com,4.314E+11,5081205053,Male,OBC,Others,200786,"224 Peters Avenue
Brendaport, DC 16854",scheme_D
base.applicant,931,Andrew Malone,,14,16-05-2009,xmiller@example.com,4.7797E+11,7349888965,Male,SC,School,140392,"1831 Andersen Plaza Suite 446
Port Nicholas, WV 28448",scheme_D
base.applicant,932,Lisa Hurst,,13,19-07-2010,ymartinez@example.org,4.95723E+11,3944174745,Female,SC,Others,190718,"53413 Brown Pike
Jamesland, AL 33593",scheme_D
base.applicant,933,Mark Pena,,14,29-08-2010,kenneth51@example.com,8.84806E+11,8042700076,Male,OBC,School,324621,"9102 Smith Walks Suite 513
New Jennifer, FL 40404",scheme_D
base.applicant,934,Jason Smith,,13,12-08-2010,taylor34@example.com,3.58972E+11,9534253109,Female,SC,Others,259791,"012 Shawn Turnpike Suite 707
South Jonathanfurt, LA 14530",scheme_D
base.applicant,935,Teresa Reed,,14,17-10-2009,amypatterson@example.net,6.01732E+11,9797123544,Female,SC,Others,63543,"448 William Crossroad Suite 807
South Lisaborough, CO 80862",scheme_D
base.applicant,936,Jason Williams,,14,07-07-2010,larry50@example.org,9.06607E+11,1538603142,Male,OBC,Others,219114,"783 Wells Prairie Apt. 791
West Paige, PW 03580",scheme_D
base.applicant,937,Julie Curry,,14,25-08-2009,ljohnson@example.org,6.97503E+11,5902217161,Male,OBC,Others,84827,"44668 Christopher Mountains Apt. 581
West Tammyton, MT 89935",scheme_D
base.applicant,938,Angela Stewart,,14,24-12-2009,upowers@example.org,3.49674E+11,6854638004,Male,MBC,School,123324,"155 Abigail Canyon Suite 689
Lake Jeffrey, IL 22352",scheme_D
base.applicant,939,Robert Boyer,,14,15-09-2009,albert33@example.org,9.95515E+11,9450401241,Female,SC,School,107422,"05391 Kelly Motorway
Port Ethanberg, MP 43040",scheme_D
base.applicant,940,Timothy Johnson,,14,16-06-2010,grayandrew@example.com,7.1014E+11,5547522763,Female,OBC,Others,329741,"71678 Nicholas Pike
Lake Tiffany, NY 94531",scheme_D
base.applicant,941,Kelly Williams,,14,05-04-2009,aaronfriedman@example.com,2.37584E+11,9174839349,Male,MBC,School,280630,"844 Natalie Turnpike Suite 882
Rhondaton, AZ 58299",scheme_D
base.applicant,942,Audrey Oliver,,13,22-10-2009,pnewman@example.com,4.18056E+11,5937850288,Male,MBC,School,246804,"48357 Jeremy Drive Suite 719
Cathyville, MN 53192",scheme_D
base.applicant,943,Johnny Madden,,13,10-01-2011,millergina@example.org,8.49494E+11,9208214908,Female,SC,Others,273436,"421 Carol Overpass Apt. 342
Lisafort, AZ 04266",scheme_D
base.applicant,944,Elizabeth Greer,,13,29-06-2009,brooke58@example.net,4.02536E+11,7368265004,Male,OBC,Others,156561,"Unit 8547 Box 3318
DPO AE 14710",scheme_D
base.applicant,945,Karen Chang,,13,10-03-2009,zsanchez@example.com,4.76735E+11,5274098562,Female,OBC,Others,171992,"184 Kathleen Freeway Apt. 122
North Connor, PA 05888",scheme_D
base.applicant,946,Sharon Wright,,13,17-07-2009,reneesims@example.net,1.90074E+11,7153326803,Male,OBC,Others,218518,"279 Jennifer Plaza
Port Mark, MT 73655",scheme_D
base.applicant,947,Raven Hansen,,14,25-10-2009,morrisonmelissa@example.net,1.43925E+11,1879816290,Male,ST,Others,209047,"PSC 5942, Box 6138
APO AA 04657",scheme_D
base.applicant,948,Laura Gates,,13,25-04-2010,richard92@example.org,9.11197E+11,2288006037,Male,OBC,Others,101622,"97598 Matthew Summit Apt. 192
East Ashley, DE 79941",scheme_D
base.applicant,949,Jessica Barnett,,14,12-12-2009,gilbertchristopher@example.com,8.11383E+11,2227384007,Female,OBC,Others,316601,"685 Matthew Knoll
Jamesstad, VA 68118",scheme_D
base.applicant,950,Danielle Dunlap,,13,11-10-2009,amanda19@example.com,8.5749E+11,8510067896,Female,ST,School,51952,"38514 Rick Club Suite 737
East Joseport, OH 60285",scheme_D
base.applicant,951,Marcus Wells,,13,28-12-2009,elong@example.org,4.42257E+11,9641144119,Male,ST,School,343034,"6198 West Grove Suite 105
Burnettchester, KS 64429",scheme_D
base.applicant,952,Christina Ross,,14,27-05-2009,marywilliams@example.com,5.60929E+11,9719722491,Male,SC,Others,342091,"457 Ward Coves
West Chris, FM 10867",scheme_D
base.applicant,953,David Goodman,,13,11-03-2009,jameshayes@example.org,1.60835E+11,2064788347,Male,MBC,School,191389,"920 Morse Course Suite 025
Jessicamouth, TX 00988",scheme_D
base.applicant,954,Theodore Edwards,,14,27-12-2010,xkim@example.net,7.19442E+11,1674575524,Female,SC,Others,90892,"786 Joseph Islands
Phamburgh, CO 09911",scheme_D
base.applicant,955,Arthur Cooke Jr.,,13,25-05-2009,kjackson@example.org,2.19435E+11,8799121537,Female,MBC,Others,242631,"096 Heidi Plaza Suite 907
Jenniferstad, WV 00856",scheme_D
base.applicant,956,Kenneth Phelps,,14,23-08-2009,browntheodore@example.com,7.90929E+11,6273622274,Male,ST,Others,320372,"721 Karen Mission
East Charlottemouth, PA 19655",scheme_D
base.applicant,957,Linda Sherman,,13,03-08-2010,mullinsbruce@example.com,5.48465E+11,5105888112,Female,SC,School,113233,"564 Sandra Way
Lake Kevinport, NY 96418",scheme_D
base.applicant,958,Carlos Moreno,,13,30-04-2010,osanchez@example.net,3.45391E+11,9179850818,Male,SC,Others,330211,"57526 Emma Lights
New Kayla, MT 88885",scheme_D
base.applicant,959,Jack Blankenship,,13,26-02-2010,williamfrancis@example.net,7.61432E+11,2429166897,Female,OBC,Others,316484,"99257 Alexander Shores
North Alecbury, PR 39510",scheme_D
base.applicant,960,Valerie Mercado,,14,13-10-2009,lori59@example.net,3.61551E+11,9762719583,Male,ST,Others,108334,"446 Teresa Skyway
East Lindashire, KY 52395",scheme_D
base.applicant,961,John Davidson,,13,21-02-2009,anthony64@example.com,6.82973E+11,7196226628,Female,SC,Others,59998,"59526 Keith Drive
South Russell, MP 17804",scheme_D
base.applicant,962,Steven Rogers,,13,02-02-2010,kwilson@example.org,3.78924E+11,3744209422,Male,MBC,School,254540,"17125 Obrien Garden
Cookburgh, IA 17347",scheme_D
base.applicant,963,Lauren Jordan,,14,15-07-2010,barbara27@example.com,6.92503E+11,3954621452,Male,ST,Others,193811,"088 Miranda Walk Apt. 815
Richardstad, WY 04080",scheme_D
base.applicant,964,James Parker,,14,10-11-2010,qsmith@example.com,3.05953E+11,1448847268,Male,ST,Others,146088,"0334 Melissa Route Apt. 539
Cherryton, TN 46246",scheme_D
base.applicant,965,Sandra Jones,,14,02-05-2009,lauracox@example.org,3.28653E+11,3522707063,Male,MBC,School,298422,"033 Ford Canyon Apt. 102
Patriciashire, MO 46202",scheme_D
base.applicant,966,Alex Klein,,14,24-03-2009,gibsonmelanie@example.com,9.62953E+11,4458992385,Female,ST,School,155701,"218 Julia Center
Millermouth, ME 06073",scheme_D
base.applicant,967,Robert Williams,,13,14-09-2010,olsontracey@example.org,8.26791E+11,2777205178,Female,MBC,Others,342116,"70846 Duncan Estate
Francomouth, MT 67838",scheme_D
base.applicant,968,Luis West,,14,17-10-2010,reedronnie@example.com,1.76181E+11,8791012882,Male,SC,School,256351,"01449 King Shoals Suite 311
Port Kennethport, CO 91837",scheme_D
base.applicant,969,Ronald Roberts,,14,16-08-2010,david68@example.com,3.7454E+11,7921664269,Female,MBC,Others,56240,"Unit 5756 Box 0991
DPO AA 06686",scheme_D
base.applicant,970,Jessica Mccarthy,,13,13-04-2010,nguyenlindsay@example.net,1.22031E+11,5879073586,Female,ST,School,65325,"079 Gerald Mills
Janetfurt, GU 47404",scheme_D
base.applicant,971,Andrea Santiago,,14,30-06-2009,rraymond@example.net,5.2701E+11,3760698194,Female,MBC,School,245355,"1005 Matthew Island Suite 176
North Christinachester, IN 11253",scheme_D
base.applicant,972,Claudia Davis,,13,30-03-2010,nschneider@example.net,6.38305E+11,9557405448,Male,ST,School,56955,"PSC 3570, Box 2959
APO AP 17528",scheme_D
base.applicant,973,Tiffany Johnson,,13,27-02-2009,zferrell@example.com,7.81034E+11,1314254320,Female,ST,Others,86674,"606 Bell Club Apt. 149
Jenniferstad, OK 98646",scheme_D
base.applicant,974,Carolyn Baker,,14,06-04-2009,amymclean@example.org,6.3927E+11,8672939003,Male,ST,Others,128109,"87661 Miles Light Suite 025
East Susan, VA 98614",scheme_D
base.applicant,975,Charles Moran,,14,25-12-2009,ujames@example.com,9.19758E+11,6297357300,Male,MBC,Others,51389,"5316 Melissa Meadows Apt. 772
Scottburgh, GU 90690",scheme_D
base.applicant,976,Tammy Thornton,,14,16-11-2010,marcushull@example.com,5.40669E+11,2770942073,Male,MBC,Others,343794,"126 Garcia Valley
South Sonya, VT 20888",scheme_D
base.applicant,977,Elizabeth Walton,,14,19-04-2010,xspears@example.com,6.2272E+11,9231584159,Male,SC,School,178204,"027 Kirk Canyon Apt. 620
Port Reginamouth, TN 32931",scheme_D
base.applicant,978,Jonathan Alvarado,,13,08-11-2010,qconrad@example.net,4.30335E+11,1787726389,Male,OBC,Others,266539,"544 Marcus Crescent Apt. 537
West Lauriestad, MN 64508",scheme_D
base.applicant,979,Kathy Colon,,13,19-06-2009,zcooper@example.org,9.37525E+11,8291959422,Female,ST,School,288360,"56207 Deanna Prairie
New Sarahbury, FM 90496",scheme_D
base.applicant,980,Daniel Carter,,13,02-01-2010,npowers@example.org,4.70787E+11,7298236304,Male,OBC,Others,54428,"378 Smith Plains
Jeremyshire, WY 86860",scheme_D
base.applicant,981,Corey Carter,,13,10-09-2009,collinskevin@example.net,4.29525E+11,9349463918,Male,ST,Others,302512,"748 Madden Gardens
Lake Sharonview, RI 95571",scheme_D
base.applicant,982,Jared Clark,,13,28-12-2009,perezdonna@example.org,2.13587E+11,8810366766,Female,OBC,Others,339767,"18260 Kelley Throughway Suite 569
Marksmouth, MT 91903",scheme_D
base.applicant,983,William Parks,,14,05-07-2010,scott09@example.org,2.4523E+11,9588448702,Male,MBC,School,279170,"1956 Margaret Trace Suite 317
West Benjaminfurt, DC 46973",scheme_D
base.applicant,984,Robert Wright,,13,28-06-2010,reedalbert@example.org,2.912E+11,1730456757,Female,MBC,Others,341062,"USCGC Soto
FPO AP 63233",scheme_D
base.applicant,985,Melanie Reese,,13,18-06-2009,catherine26@example.org,5.74966E+11,7699526583,Male,ST,Others,344003,"12112 Armstrong Lock
South Chelsea, AL 21518",scheme_D
base.applicant,986,Matthew Garcia,,13,08-10-2009,qdrake@example.org,2.47873E+11,5883527991,Male,MBC,School,301914,"404 Thomas Crest
West Markfurt, MA 32393",scheme_D
base.applicant,987,Julian Wiley,,13,14-05-2009,michael61@example.org,8.13803E+11,2043859758,Female,ST,Others,272043,"070 Zavala Shore Apt. 760
Shawnbury, NE 15495",scheme_D
base.applicant,988,Shawn Richmond,,13,11-12-2010,johnsonmichael@example.net,9.86569E+11,7352127232,Female,ST,Others,304210,"PSC 3661, Box 0756
APO AA 18837",scheme_D
base.applicant,989,Leslie Harris,,13,14-03-2010,thomas72@example.net,9.4022E+11,1636432688,Male,ST,Others,297090,"Unit 3411 Box 9247
DPO AE 57202",scheme_D
base.applicant,990,Richard Harris,,13,19-09-2010,matthewseddie@example.net,8.50657E+11,3184296462,Male,OBC,School,289309,"447 Paul Rue
Jamesburgh, SD 03458",scheme_D
base.applicant,991,Matthew Osborne,,14,04-01-2011,plopez@example.org,4.42594E+11,4358154599,Female,MBC,School,305533,"9826 Jackson Plain
South Eugene, AS 60034",scheme_D
base.applicant,992,Tony Warren,,13,27-10-2009,brianhayes@example.org,6.30998E+11,5264419523,Female,MBC,School,347120,"PSC 1689, Box 4341
APO AE 50223",scheme_D
base.applicant,993,Jennifer Clark,,14,30-03-2010,dharris@example.net,6.13891E+11,4184194475,Female,SC,Others,122355,"44945 Hodge Mills
Codychester, DC 92001",scheme_D
base.applicant,994,Matthew Coleman,,13,01-01-2010,pcrawford@example.org,8.37076E+11,3436932857,Female,MBC,Others,62423,"Unit 4161 Box 4089
DPO AA 65682",scheme_D
base.applicant,995,Brenda Holder,,13,08-02-2010,qberger@example.net,3.52439E+11,6926085352,Female,MBC,School,115717,"8058 Danielle Mews
West Danielland, AL 41791",scheme_D
base.applicant,996,Kaitlin Cooper,,13,17-07-2009,hardinjanet@example.net,7.24507E+11,4812288410,Male,MBC,School,264497,"2517 Ray Knolls
Josephville, RI 77757",scheme_D
base.applicant,997,Mr. Dennis Kramer MD,,14,17-03-2009,kennethperez@example.net,5.45096E+11,2856927651,Female,SC,Others,214210,"7889 Davis Estates Apt. 475
New John, AS 44969",scheme_D
base.applicant,998,Nathan Yoder,,14,09-04-2009,ldeleon@example.com,5.45139E+11,1986995590,Male,OBC,School,305832,"965 Davis Unions Apt. 990
Edwardsview, SD 36124",scheme_D
base.applicant,999,Jeremiah Schaefer,,14,30-01-2010,hpoole@example.com,4.66333E+11,6031392801,Male,MBC,School,166401,"4358 Yvonne Tunnel Apt. 425
North Madisonborough, MP 77035",scheme_D
base.applicant,1000,Michael Washington,,13,21-02-2009,pwillis@example.org,6.39048E+11,3411277756,Male,MBC,School,88519,"01865 Cox Vista Suite 485
East Thomasland, IN 34150",scheme_D
